time,status,ear,closed_frames
1777393618.6567435,ALERT,0.2741348474688345,0
1777393618.699125,ALERT,0.14232070945217487,1
1777393618.743554,ALERT,0.1703732806490022,0
1777393618.7931414,ALERT,0.1292481437969541,1
1777393618.8373234,ALERT,0.2707748291630888,0
1777393618.8850777,ALERT,0.128624735234865,1
1777393618.929756,ALERT,0.15855828674232514,0
1777393618.9771514,ALERT,0.21459578287592257,0
1777393619.024676,ALERT,0.16843344450604308,0
1777393619.0757773,ALERT,0.2103358292557843,0
1777393619.1235425,ALERT,0.15307514984932966,0
1777393619.175309,ALERT,0.26362559444520106,0
1777393619.2172592,ALERT,0.2512930010757043,0
1777393619.2617464,ALERT,0.1962951242441838,0
1777393619.3108325,ALERT,0.16836211194960854,0
1777393619.3615708,ALERT,0.2834083726959762,0
1777393619.4273045,ALERT,0.19716335453867884,0
1777393619.481546,ALERT,0.22847252525952794,0
1777393619.543369,ALERT,0.1853719408881958,0
1777393619.5840015,ALERT,0.12768488019290694,1
1777393619.637684,ALERT,0.20291670521689625,0
1777393619.6841938,ALERT,0.17779321001696408,0
1777393619.7331917,ALERT,0.1386879746245532,1
1777393619.7867746,ALERT,0.2508838895144575,0
1777393619.8408656,ALERT,0.2545021903444883,0
1777393619.887405,ALERT,0.104592996738862,1
1777393619.9353917,ALERT,0.23144705035632276,0
1777393619.9797888,ALERT,0.21380827113533327,0
1777393620.021708,ALERT,0.17570756409263022,0
1777393620.0754764,ALERT,0.18892960115056462,0
1777393620.1287289,ALERT,0.10255868039798305,1
1777393620.1826324,ALERT,0.22379256067517322,0
1777393620.2292125,ALERT,0.11758979887400943,1
1777393620.2753308,ALERT,0.16534772009198925,0
1777393620.3235059,ALERT,0.11646437385794642,1
1777393620.3725612,ALERT,0.2784125971428826,0
1777393620.4207027,ALERT,0.22105068745934092,0
1777393620.4655507,ALERT,0.2986859023559296,0
1777393620.5116723,ALERT,0.21192855766605065,0
1777393620.5606825,ALERT,0.14172794536583921,1
1777393620.6072547,ALERT,0.1407138361633329,2
1777393620.6568482,ALERT,0.25982102744549973,0
1777393620.7007113,ALERT,0.2154267635074507,0
1777393620.7495658,ALERT,0.2148651899376548,0
1777393620.7939754,ALERT,0.13057136010976034,1
1777393620.8394015,ALERT,0.20173842539766196,0
1777393620.8866267,ALERT,0.19355468640042028,0
1777393620.932881,ALERT,0.23413182442915512,0
1777393620.9802084,ALERT,0.2697673112154346,0
1777393621.0272057,ALERT,0.23452522906132692,0
1777393621.075594,ALERT,0.19796081688037515,0
1777393621.124668,ALERT,0.18342647790424776,0
1777393621.17171,ALERT,0.2413798465569865,0
1777393621.2164261,ALERT,0.1260711921047245,1
1777393621.2645187,ALERT,0.11289951669833789,2
1777393621.3082066,ALERT,0.11320361370469825,3
1777393621.3580859,ALERT,0.18082712921962663,0
1777393621.401695,ALERT,0.11017074491791368,1
1777393621.4415317,ALERT,0.1657393697847458,0
1777393621.4978867,ALERT,0.19225765759740931,0
1777393621.5438888,ALERT,0.1439413765537278,1
1777393621.5903916,ALERT,0.23360779273055907,0
1777393621.6372528,ALERT,0.1924874661078213,0
1777393621.6784172,ALERT,0.19619751427077903,0
1777393621.7210383,ALERT,0.1619769542058012,0
1777393621.7653089,ALERT,0.1269948004565793,1
1777393621.812463,ALERT,0.13607901621455834,2
1777393621.8572097,ALERT,0.18497837107972764,0
1777393621.901079,ALERT,0.2915386788520836,0
1777393621.9466162,ALERT,0.2166369088513986,0
1777393621.9926422,ALERT,0.1898865070767532,0
1777393622.0312657,ALERT,0.25795928487016806,0
1777393622.0883076,ALERT,0.2735616907198193,0
1777393622.1360137,ALERT,0.11966441527426278,1
1777393622.182048,ALERT,0.16807556079071184,0
1777393622.2312322,ALERT,0.21212680047973925,0
1777393622.2780383,ALERT,0.24459883316493328,0
1777393622.3982522,ALERT,0.15475995741312396,0
1777393622.438324,ALERT,0.20810853245096173,0
1777393622.4955947,ALERT,0.23176000350929385,0
1777393622.5366533,ALERT,0.19466790382247362,0
1777393622.5846753,ALERT,0.19147250218072054,0
1777393622.6321433,ALERT,0.19900775966329592,0
1777393622.6784215,ALERT,0.14504464676983372,1
1777393622.7267065,ALERT,0.23935019602531551,0
1777393622.773618,ALERT,0.2725611801307886,0
1777393622.8197773,ALERT,0.28232888450341964,0
1777393622.8626137,ALERT,0.11738110660407047,1
1777393622.9123971,ALERT,0.2596724283972451,0
1777393622.9593215,ALERT,0.1846079053115642,0
1777393623.0001943,ALERT,0.19397149905985522,0
1777393623.0535939,ALERT,0.16356867554018228,0
1777393623.0979824,ALERT,0.13260321082503396,1
1777393623.147687,ALERT,0.2744512511622277,0
1777393623.1879973,ALERT,0.15684792754563304,0
1777393623.2428465,ALERT,0.23267384943897043,0
1777393623.2844007,ALERT,0.29546731083907807,0
1777393623.3332748,ALERT,0.24217791681029854,0
1777393623.3808475,ALERT,0.15288534650697755,0
1777393623.422519,ALERT,0.13799267461370535,1
1777393623.474468,ALERT,0.19476503848600546,0
1777393623.5135214,ALERT,0.19549925047938455,0
1777393623.5538065,ALERT,0.1540303826495679,0
1777393623.597938,ALERT,0.17836785404729974,0
1777393623.6485817,ALERT,0.12137635473538398,1
1777393623.6875145,ALERT,0.2531746178851466,0
1777393623.7408535,ALERT,0.2124172058503283,0
1777393623.7887785,ALERT,0.23882054385442208,0
1777393623.8364494,ALERT,0.2781478144198246,0
1777393623.8818278,ALERT,0.19566075426385626,0
1777393623.926561,ALERT,0.23022581277253648,0
1777393623.978752,ALERT,0.10034971803975162,1
1777393624.0203269,ALERT,0.2982760623143065,0
1777393624.0613837,ALERT,0.18205397895020742,0
1777393624.1172884,ALERT,0.25315308510284606,0
1777393624.163174,ALERT,0.24919097582162344,0
1777393624.209132,ALERT,0.25268467275153217,0
1777393624.259861,ALERT,0.11991458992123863,1
1777393624.295198,ALERT,0.11911404230210099,2
1777393624.3558033,ALERT,0.14450932918177348,3
1777393624.3994136,ALERT,0.28200460714396336,0
1777393624.446073,ALERT,0.23557420747477947,0
1777393624.4862773,ALERT,0.13440712348866335,1
1777393624.538434,ALERT,0.11053150512434898,2
1777393624.5842688,ALERT,0.2813127669395323,0
1777393624.6359894,ALERT,0.1468774696166822,1
1777393624.6826534,ALERT,0.16229311903948684,0
1777393624.7211876,ALERT,0.20069178117326242,0
1777393624.773405,ALERT,0.276097002507328,0
1777393624.8261344,ALERT,0.22122730591234446,0
1777393624.8714647,ALERT,0.1283831226339662,1
1777393624.91628,ALERT,0.25225679653793304,0
1777393624.9548569,ALERT,0.2655056773374316,0
1777393624.9979408,ALERT,0.18431946258497817,0
1777393625.0425332,ALERT,0.1785992849406362,0
1777393625.0914228,ALERT,0.2685537452934801,0
1777393625.1383739,ALERT,0.2973233282495985,0
1777393625.176904,ALERT,0.1384581862610062,1
1777393625.228455,ALERT,0.1641736867051796,0
1777393625.2785647,ALERT,0.1571581064260406,0
1777393625.318644,ALERT,0.21574305014442358,0
1777393625.3726134,ALERT,0.27352969070642386,0
1777393625.420899,ALERT,0.14765953790241124,1
1777393625.4677403,ALERT,0.286430692686906,0
1777393625.5137365,ALERT,0.24192667047587904,0
1777393625.5615625,ALERT,0.2542675015197957,0
1777393625.6083012,ALERT,0.22507400033059183,0
1777393625.6544192,ALERT,0.12416900879715138,1
1777393625.698913,ALERT,0.2900082633452168,0
1777393625.7489772,ALERT,0.12992159534983846,1
1777393625.789738,ALERT,0.219738277808802,0
1777393625.8387094,ALERT,0.1897928095190653,0
1777393625.8985195,ALERT,0.17179605588679273,0
1777393625.9537764,ALERT,0.2455302624268907,0
1777393625.9958477,ALERT,0.27160754117567787,0
1777393626.0462687,ALERT,0.22081847226881499,0
1777393626.086702,ALERT,0.23228930730508038,0
1777393626.1263895,ALERT,0.17787020760794858,0
1777393626.1679542,ALERT,0.21005730826141622,0
1777393626.2374578,ALERT,0.23673657331057316,0
1777393626.277583,ALERT,0.15502534473626217,0
1777393626.3290596,ALERT,0.11878856443560011,1
1777393626.4236038,ALERT,0.2311541879940266,0
1777393626.4691026,ALERT,0.2755802925591591,0
1777393626.5176954,ALERT,0.18799523299035392,0
1777393626.5618155,ALERT,0.25110360451220926,0
1777393626.604277,ALERT,0.10881146433509653,1
1777393626.6593912,ALERT,0.1104156064705786,2
1777393626.7025323,ALERT,0.249957373210168,0
1777393626.753318,ALERT,0.293879824980672,0
1777393626.7962313,ALERT,0.20112008302088025,0
1777393626.8393795,ALERT,0.14859563408548923,1
1777393626.8894968,ALERT,0.20718244686236098,0
1777393626.93769,ALERT,0.18517959070760534,0
1777393626.9830663,ALERT,0.19014379408698895,0
1777393627.029806,ALERT,0.14948939038863213,1
1777393627.0723648,ALERT,0.20040373346251344,0
1777393627.1218681,ALERT,0.2832936888217328,0
1777393627.1677618,ALERT,0.18151431884383187,0
1777393627.2142105,ALERT,0.14947950719864386,1
1777393627.2621171,ALERT,0.2504563208349512,0
1777393627.3088157,ALERT,0.2676906141520823,0
1777393627.3553886,ALERT,0.2289864776754004,0
1777393627.4013784,ALERT,0.10788900300263503,1
1777393627.4455392,ALERT,0.11403345661897304,2
1777393627.4928167,ALERT,0.12516274114593817,3
1777393627.5411215,ALERT,0.29806134355251435,0
1777393627.5882604,ALERT,0.1864261994508551,0
1777393627.6286883,ALERT,0.23443146236002402,0
1777393627.6827285,ALERT,0.2687797700298013,0
1777393627.7284906,ALERT,0.15106164892679258,0
1777393627.7727194,ALERT,0.11761034236435071,1
1777393627.821133,ALERT,0.13545323093354766,2
1777393627.869477,ALERT,0.24458102194230927,0
1777393627.9171462,ALERT,0.27948115050645816,0
1777393627.9595137,ALERT,0.23501759656509394,0
1777393628.0078535,ALERT,0.1907801229785305,0
1777393628.0575557,ALERT,0.18931773293851414,0
1777393628.1006417,ALERT,0.25117227286074684,0
1777393628.1481802,ALERT,0.16805144047106724,0
1777393628.1946197,ALERT,0.15721669764470922,0
1777393628.2411435,ALERT,0.21928139315327277,0
1777393628.2899811,ALERT,0.2029384223652747,0
1777393628.3369596,ALERT,0.294372511930461,0
1777393628.385753,ALERT,0.1409491108579676,1
1777393628.4333942,ALERT,0.1942865772734571,0
1777393628.4769452,ALERT,0.25200041018493324,0
1777393628.5246766,ALERT,0.16990380422944154,0
1777393628.5666826,ALERT,0.27317651462404413,0
1777393628.6160011,ALERT,0.2579496584045024,0
1777393628.6635778,ALERT,0.10193442365539235,1
1777393628.7121315,ALERT,0.1949278071487196,0
1777393628.7585523,ALERT,0.20331521648859235,0
1777393628.8067913,ALERT,0.27603423345568223,0
1777393628.8513927,ALERT,0.24684445009022035,0
1777393628.8971972,ALERT,0.25625924295361213,0
1777393628.9460213,ALERT,0.2794996640063646,0
1777393628.9920006,ALERT,0.24307605396361734,0
1777393629.0421238,ALERT,0.18987081685949792,0
1777393629.0834556,ALERT,0.16744438222237945,0
1777393629.1312017,ALERT,0.21429206730577333,0
1777393629.1809998,ALERT,0.2265659787213741,0
1777393629.2258735,ALERT,0.18059578480507685,0
1777393629.2730951,ALERT,0.21167066700262455,0
1777393629.3240762,ALERT,0.24268119621935197,0
1777393629.3674152,ALERT,0.22375948734779083,0
1777393629.4178321,ALERT,0.11949892407856333,1
1777393629.4625938,ALERT,0.1188769864970259,2
1777393629.5088341,ALERT,0.24450238453329548,0
1777393629.5612066,ALERT,0.23835174008062243,0
1777393629.602903,ALERT,0.1298291291286654,1
1777393629.650366,ALERT,0.1623680555334282,0
1777393629.6953259,ALERT,0.14744576199847362,1
1777393629.7466397,ALERT,0.20683253470446145,0
1777393629.7948854,ALERT,0.20772327258658035,0
1777393629.8449526,ALERT,0.2567059828069227,0
1777393629.8828645,ALERT,0.22611104583874309,0
1777393629.9337134,ALERT,0.18994469444007922,0
1777393629.9806066,ALERT,0.15295875230315242,0
1777393630.0300107,ALERT,0.2586154725898699,0
1777393630.0747554,ALERT,0.11595034023760364,1
1777393630.1204867,ALERT,0.18766147020914087,0
1777393630.169717,ALERT,0.12271415248860212,1
1777393630.211048,ALERT,0.24115564913918344,0
1777393630.2621772,ALERT,0.10681131405460945,1
1777393630.3066704,ALERT,0.16226584276774006,0
1777393630.3543067,ALERT,0.12755868394763417,1
1777393630.406786,ALERT,0.15295912147657736,0
1777393630.447359,ALERT,0.10075651634037763,1
1777393630.5003583,ALERT,0.22319564969621258,0
1777393630.5406947,ALERT,0.13700990860154041,1
1777393630.5905242,ALERT,0.27812587838902214,0
1777393630.633647,ALERT,0.22590427995687754,0
1777393630.6814897,ALERT,0.10748196352943756,1
1777393630.732842,ALERT,0.11784689429479674,2
1777393630.775944,ALERT,0.27219915896094465,0
1777393630.8237524,ALERT,0.2925795423187181,0
1777393630.869101,ALERT,0.21537007943833483,0
1777393630.9154274,ALERT,0.145058842556208,1
1777393630.9656239,ALERT,0.20041991754941618,0
1777393631.008599,ALERT,0.13854341087544453,1
1777393631.0559134,ALERT,0.24758863964219063,0
1777393631.1055717,ALERT,0.27328037226432267,0
1777393631.147536,ALERT,0.12258314462456961,1
1777393631.1999183,ALERT,0.12474431023541876,2
1777393631.2409146,ALERT,0.19329342198495908,0
1777393631.290698,ALERT,0.18746934684222344,0
1777393631.3370163,ALERT,0.16146829044683045,0
1777393631.3816755,ALERT,0.21000927700967914,0
1777393631.426672,ALERT,0.23709175810066355,0
1777393631.4747112,ALERT,0.18185658431282536,0
1777393631.5256615,ALERT,0.10281689252967335,1
1777393631.5651474,ALERT,0.1401075669773363,2
1777393631.6182673,ALERT,0.1927421099652201,0
1777393631.6646454,ALERT,0.14306859957951584,1
1777393631.7110236,ALERT,0.21558617832984028,0
1777393631.7541893,ALERT,0.15504657104586708,0
1777393631.7980855,ALERT,0.26523310679421097,0
1777393631.850086,ALERT,0.11642929327357697,1
1777393631.8966248,ALERT,0.1149865602811764,2
1777393631.9418025,ALERT,0.1800246592973892,0
1777393631.989833,ALERT,0.13410529678876654,1
1777393632.0356786,ALERT,0.16527097436006039,0
1777393632.0830681,ALERT,0.2505569635991467,0
1777393632.1307507,ALERT,0.2498076921055512,0
1777393632.1785896,ALERT,0.24974991376793476,0
1777393632.2177548,ALERT,0.17100183630490956,0
1777393632.273303,ALERT,0.17659301993407875,0
1777393632.3183537,ALERT,0.28525924999295477,0
1777393632.361533,ALERT,0.20393379206263582,0
1777393632.413836,ALERT,0.18550154850541273,0
1777393632.457089,ALERT,0.11421133257968293,1
1777393632.5056458,ALERT,0.22731484659514806,0
1777393632.5493267,ALERT,0.1728674987494549,0
1777393632.5972545,ALERT,0.29411826956190656,0
1777393632.645754,ALERT,0.11337799217552157,1
1777393632.6933172,ALERT,0.20708844699470938,0
1777393632.737784,ALERT,0.1411383240330831,1
1777393632.7799082,ALERT,0.168880185209088,0
1777393632.835555,ALERT,0.24482475462652722,0
1777393632.8837397,ALERT,0.17904291454726817,0
1777393632.9267395,ALERT,0.20742910136332549,0
1777393632.9740167,ALERT,0.1488637563635668,1
1777393633.019096,ALERT,0.12314359025548466,2
1777393633.0712326,ALERT,0.17525048285416048,0
1777393633.113257,ALERT,0.15014285288215018,0
1777393633.1635365,ALERT,0.16074093125645142,0
1777393633.2096527,ALERT,0.21699767201729875,0
1777393633.259035,ALERT,0.2722770928601949,0
1777393633.3018441,ALERT,0.20683465959005565,0
1777393633.3492923,ALERT,0.1571751536077721,0
1777393633.3953362,ALERT,0.2615445096934661,0
1777393633.4449756,ALERT,0.1778624031683801,0
1777393633.4897244,ALERT,0.29403647035553476,0
1777393633.5331337,ALERT,0.14215274001040326,1
1777393633.5859518,ALERT,0.11719606958366352,2
1777393633.625696,ALERT,0.23022545538605108,0
1777393633.6789026,ALERT,0.14770376766661428,1
1777393633.7226932,ALERT,0.20384768472512826,0
1777393633.7737541,ALERT,0.10515819950354835,1
1777393633.8173213,ALERT,0.17626007771204458,0
1777393633.8660529,ALERT,0.12283904708084309,1
1777393633.9111397,ALERT,0.1679071201657739,0
1777393633.957011,ALERT,0.1016467407967383,1
1777393634.006539,ALERT,0.29510913696519436,0
1777393634.0485132,ALERT,0.1728857282796739,0
1777393634.1004987,ALERT,0.1900101920984561,0
1777393634.146173,ALERT,0.28114598533401597,0
1777393634.194992,ALERT,0.2890016338332443,0
1777393634.2384498,ALERT,0.13786819958243318,1
1777393634.2879012,ALERT,0.17079653327295707,0
1777393634.3297284,ALERT,0.11886271267663068,1
1777393634.3813803,ALERT,0.13846263920977506,2
1777393634.423937,ALERT,0.1779809511756056,0
1777393634.472355,ALERT,0.2072556316355782,0
1777393634.5185623,ALERT,0.11490167490864854,1
1777393634.5628445,ALERT,0.179954765329943,0
1777393634.613609,ALERT,0.18484349770169578,0
1777393634.6609447,ALERT,0.23441580561192735,0
1777393634.703555,ALERT,0.14587002923218234,1
1777393634.7488568,ALERT,0.17577637034102983,0
1777393634.8000658,ALERT,0.1106565450989333,1
1777393634.8498433,ALERT,0.19162620242258074,0
1777393634.8916867,ALERT,0.23237087780863602,0
1777393634.9341414,ALERT,0.10589105964252997,1
1777393634.9874194,ALERT,0.2588257236292385,0
1777393635.035663,ALERT,0.14832798110178452,1
1777393635.0770495,ALERT,0.12261413689242329,2
1777393635.1287534,ALERT,0.11973167123833184,3
1777393635.175239,ALERT,0.1535450949661089,0
1777393635.221322,ALERT,0.2853284518291209,0
1777393635.2732952,ALERT,0.18688287365950007,0
1777393635.3147469,ALERT,0.15594276503138088,0
1777393635.3642838,ALERT,0.2514974529094134,0
1777393635.4096427,ALERT,0.2890680179214883,0
1777393635.4574072,ALERT,0.1511890455637039,0
1777393635.503815,ALERT,0.2646603119665415,0
1777393635.5527227,ALERT,0.287505851194628,0
1777393635.5952232,ALERT,0.29533603824748644,0
1777393635.6414745,ALERT,0.19176888020574184,0
1777393635.6898823,ALERT,0.18672990976377773,0
1777393635.7357771,ALERT,0.1091686307743811,1
1777393635.784318,ALERT,0.18515922670474927,0
1777393635.8297956,ALERT,0.17046355787126682,0
1777393635.8772855,ALERT,0.1704855671640412,0
1777393635.9234903,ALERT,0.105041896127762,1
1777393635.9705145,ALERT,0.12597544084131368,2
1777393636.0177362,ALERT,0.25337336989638437,0
1777393636.065563,ALERT,0.2589524280568935,0
1777393636.112368,ALERT,0.10244030746005797,1
1777393636.1603336,ALERT,0.20268913860756588,0
1777393636.203664,ALERT,0.24711714895479783,0
1777393636.253471,ALERT,0.1806803450144198,0
1777393636.2980402,ALERT,0.1925292031748383,0
1777393636.340109,ALERT,0.18719275135229285,0
1777393636.389375,ALERT,0.24365634564923666,0
1777393636.4390194,ALERT,0.1600379022514205,0
1777393636.4848166,ALERT,0.14215670257419638,1
1777393636.5326402,ALERT,0.23657876918695991,0
1777393636.5816092,ALERT,0.2983811099782042,0
1777393636.625786,ALERT,0.2937381195616563,0
1777393636.6711898,ALERT,0.17070742320854299,0
1777393636.721979,ALERT,0.23525517850575103,0
1777393636.7707975,ALERT,0.18703455524497742,0
1777393636.8211546,ALERT,0.2980933623069808,0
1777393636.8603833,ALERT,0.18481715804018323,0
1777393636.908157,ALERT,0.2959310922208582,0
1777393636.9559584,ALERT,0.1049164261013863,1
1777393637.0022385,ALERT,0.21163038620368008,0
1777393637.0486734,ALERT,0.24984877432717115,0
1777393637.0939996,ALERT,0.27343565456049224,0
1777393637.1443696,ALERT,0.28023100547115,0
1777393637.1923947,ALERT,0.11673027984068207,1
1777393637.2397568,ALERT,0.22986403086707952,0
1777393637.283649,ALERT,0.205062930146863,0
1777393637.3300934,ALERT,0.22984898854889715,0
1777393637.3769546,ALERT,0.17683839446033991,0
1777393637.4261982,ALERT,0.2581391825638887,0
1777393637.474341,ALERT,0.2430128868925057,0
1777393637.519891,ALERT,0.2823219189556746,0
1777393637.5666184,ALERT,0.2649784483151759,0
1777393637.6112049,ALERT,0.11635666588420975,1
1777393637.6587696,ALERT,0.22400179298959522,0
1777393637.7079165,ALERT,0.13696274511380024,1
1777393637.7554216,ALERT,0.1935348017176896,0
1777393637.801411,ALERT,0.24055117563436662,0
1777393637.8511417,ALERT,0.29179257081443544,0
1777393637.8937361,ALERT,0.2953801257661781,0
1777393637.9398963,ALERT,0.23415408273896302,0
1777393637.9883072,ALERT,0.1964056623761233,0
1777393638.037416,ALERT,0.1828596839772792,0
1777393638.0799477,ALERT,0.15456585766713576,0
1777393638.131305,ALERT,0.27837196495199834,0
1777393638.1759927,ALERT,0.265052457564245,0
1777393638.2225077,ALERT,0.26324063755910343,0
1777393638.2717075,ALERT,0.19565098408229964,0
1777393638.3174334,ALERT,0.21271714907215566,0
1777393638.363055,ALERT,0.26316875814859275,0
1777393638.40884,ALERT,0.137656676347565,1
1777393638.4564967,ALERT,0.2809851399813205,0
1777393638.5016117,ALERT,0.2328938963292664,0
1777393638.5497231,ALERT,0.12985138700236204,1
1777393638.5949476,ALERT,0.17384601358448495,0
1777393638.6381605,ALERT,0.12365600792824356,1
1777393638.6913197,ALERT,0.2328960758073802,0
1777393638.736169,ALERT,0.2753939466785492,0
1777393638.783912,ALERT,0.17057199054659652,0
1777393638.8324442,ALERT,0.19656500300014343,0
1777393638.8739605,ALERT,0.14257234692451878,1
1777393638.9249308,ALERT,0.232658805972139,0
1777393638.9744797,ALERT,0.2907932765420438,0
1777393639.0204206,ALERT,0.2589226356039704,0
1777393639.0674226,ALERT,0.17397233776762103,0
1777393639.1125531,ALERT,0.24034373946363266,0
1777393639.1616442,ALERT,0.15641719351414846,0
1777393639.2080262,ALERT,0.22507266815425256,0
1777393639.2551882,ALERT,0.10133788817408491,1
1777393639.297614,ALERT,0.1397438512833658,2
1777393639.3466673,ALERT,0.18859398899770372,0
1777393639.3939426,ALERT,0.19725640876335082,0
1777393639.4397442,ALERT,0.19469449779780273,0
1777393639.488259,ALERT,0.27402535722804294,0
1777393639.5359154,ALERT,0.18343779836414204,0
1777393639.5806415,ALERT,0.12541889384435742,1
1777393639.6270406,ALERT,0.11097128079458629,2
1777393639.6732833,ALERT,0.2696814931653815,0
1777393639.7228925,ALERT,0.2442416728481624,0
1777393639.7684412,ALERT,0.2948558133834166,0
1777393639.817586,ALERT,0.12140629562196,1
1777393639.8610861,ALERT,0.11708512402510668,2
1777393639.9079394,ALERT,0.2697538071467256,0
1777393639.95649,ALERT,0.11659332051066379,1
1777393640.0027194,ALERT,0.24912760207658668,0
1777393640.0535269,ALERT,0.16066741002161958,0
1777393640.0954566,ALERT,0.108859929830746,1
1777393640.140683,ALERT,0.21068386429075878,0
1777393640.187524,ALERT,0.23130476226895802,0
1777393640.2349627,ALERT,0.21602016518693112,0
1777393640.283009,ALERT,0.24446640911418976,0
1777393640.3290024,ALERT,0.10597759711308341,1
1777393640.3763258,ALERT,0.18882615647651957,0
1777393640.4185436,ALERT,0.1083364472516554,1
1777393640.4683206,ALERT,0.25284119462726695,0
1777393640.5197518,ALERT,0.25885830699888157,0
1777393640.5614018,ALERT,0.12291643330097593,1
1777393640.612391,ALERT,0.27597385657884577,0
1777393640.6576366,ALERT,0.2760479881980595,0
1777393640.7056787,ALERT,0.27442014237379236,0
1777393640.7488227,ALERT,0.1911278856991406,0
1777393640.791824,ALERT,0.1401888315600344,1
1777393640.8495693,ALERT,0.1516908070408146,0
1777393640.8926818,ALERT,0.15697834639526284,0
1777393640.9392908,ALERT,0.11267600009209695,1
1777393640.988989,ALERT,0.10962044381048466,2
1777393641.0330791,ALERT,0.1823131558193067,0
1777393641.0822296,ALERT,0.16306566915351683,0
1777393641.1267986,ALERT,0.13628835305115086,1
1777393641.1757371,ALERT,0.18125138895549103,0
1777393641.220486,ALERT,0.2873936371262945,0
1777393641.2692297,ALERT,0.17226307186790396,0
1777393641.3243978,ALERT,0.15480357425440153,0
1777393641.3777773,ALERT,0.2387627330468727,0
1777393641.423278,ALERT,0.2182271832964653,0
1777393641.4747984,ALERT,0.19362106237582916,0
1777393641.5161576,ALERT,0.13623967255322506,1
1777393641.5645835,ALERT,0.28631712600140613,0
1777393641.611013,ALERT,0.2608751838443546,0
1777393641.6598103,ALERT,0.12494234856417563,1
1777393641.7079012,ALERT,0.27359811075948737,0
1777393641.7532165,ALERT,0.13612108305618636,1
1777393641.7969239,ALERT,0.20434130336979495,0
1777393641.8466456,ALERT,0.22104648858290082,0
1777393641.8933399,ALERT,0.1850583185120584,0
1777393641.9379227,ALERT,0.24923831885400902,0
1777393641.9848354,ALERT,0.28693496171328514,0
1777393642.0317078,ALERT,0.23901888441842362,0
1777393642.0817544,ALERT,0.2300482543511258,0
1777393642.1303053,ALERT,0.25351935606749065,0
1777393642.1761634,ALERT,0.1520362910174065,0
1777393642.2223067,ALERT,0.14441518032541373,1
1777393642.2669523,ALERT,0.13523232847774702,2
1777393642.3163893,ALERT,0.251928761415216,0
1777393642.3615005,ALERT,0.10379028815796985,1
1777393642.4094748,ALERT,0.19993636189166486,0
1777393642.4555798,ALERT,0.18083681694366616,0
1777393642.5000205,ALERT,0.21199433036225113,0
1777393642.550972,ALERT,0.22898995851046036,0
1777393642.5948153,ALERT,0.24802674485353873,0
1777393642.6433547,ALERT,0.2194169448940096,0
1777393642.6894045,ALERT,0.20001180560270557,0
1777393642.739572,ALERT,0.2705497655201313,0
1777393642.7845426,ALERT,0.1975500006325128,0
1777393642.8313246,ALERT,0.11475575888628327,1
1777393642.8750417,ALERT,0.2278253251060588,0
1777393642.9245412,ALERT,0.2509181151712744,0
1777393642.9721427,ALERT,0.23412525089260103,0
1777393643.0170827,ALERT,0.2912028708523784,0
1777393643.0641692,ALERT,0.11078324392567092,1
1777393643.1139011,ALERT,0.1264692370171079,2
1777393643.1571321,ALERT,0.22162166796922922,0
1777393643.205041,ALERT,0.24209198531016657,0
1777393643.248144,ALERT,0.1395951891555292,1
1777393643.3250015,ALERT,0.12620833684735946,2
1777393643.3796098,ALERT,0.16405271445192005,0
1777393643.423908,ALERT,0.21660149619524924,0
1777393643.4636803,ALERT,0.2753348960682527,0
1777393643.520703,ALERT,0.14609942052062402,1
1777393643.5623395,ALERT,0.2550325674123646,0
1777393643.611783,ALERT,0.17025490880674804,0
1777393643.6564045,ALERT,0.26806313177932295,0
1777393643.7027626,ALERT,0.17096792267685743,0
1777393643.7522657,ALERT,0.2276075399907196,0
1777393643.80074,ALERT,0.2358226495181274,0
1777393643.8446155,ALERT,0.17407627979473403,0
1777393643.8924243,ALERT,0.22202592852284103,0
1777393643.9406385,ALERT,0.29275887879261064,0
1777393643.9828167,ALERT,0.29354117804555285,0
1777393644.0383103,ALERT,0.28341316785656584,0
1777393644.0764377,ALERT,0.1454976672198665,1
1777393644.1337202,ALERT,0.1529203177298406,0
1777393644.1736991,ALERT,0.19349945639173058,0
1777393644.2268636,ALERT,0.14142768512229723,1
1777393644.2744243,ALERT,0.18966286104271712,0
1777393644.3144245,ALERT,0.2084307802017485,0
1777393644.3709366,ALERT,0.11680974841252428,1
1777393644.430879,ALERT,0.17419479491940545,0
1777393644.471715,ALERT,0.2997432920050531,0
1777393644.5252912,ALERT,0.2772361805811353,0
1777393644.5695784,ALERT,0.2886659715141845,0
1777393644.6185744,ALERT,0.14670122760454601,1
1777393644.6594915,ALERT,0.22684835491318567,0
1777393644.708808,ALERT,0.18797357487974314,0
1777393644.75165,ALERT,0.25748710595999247,0
1777393644.8015885,ALERT,0.11339125649867193,1
1777393644.850608,ALERT,0.18444618835176704,0
1777393644.8915427,ALERT,0.2122825578087892,0
1777393644.9419475,ALERT,0.17312379929139474,0
1777393644.9850419,ALERT,0.29144716180247354,0
1777393645.036729,ALERT,0.11424227859562791,1
1777393645.077464,ALERT,0.12453135935053342,2
1777393645.1269372,ALERT,0.2621804375232006,0
1777393645.1749938,ALERT,0.2404870535778296,0
1777393645.2246454,ALERT,0.12551030825954307,1
1777393645.26668,ALERT,0.14194310127465723,2
1777393645.3142383,ALERT,0.2940373513989838,0
1777393645.363942,ALERT,0.17072144535309913,0
1777393645.4121094,ALERT,0.17438155578757203,0
1777393645.4575768,ALERT,0.18799968779415754,0
1777393645.5027914,ALERT,0.10843786780839537,1
1777393645.547757,ALERT,0.20077441100300347,0
1777393645.6005125,ALERT,0.1529502272416688,0
1777393645.6423826,ALERT,0.18258866020834413,0
1777393645.68646,ALERT,0.22745043260509135,0
1777393645.7365732,ALERT,0.13329464167711216,1
1777393645.7845623,ALERT,0.17301552460314126,0
1777393645.8339038,ALERT,0.20502507852136764,0
1777393645.8779314,ALERT,0.16646002409019606,0
1777393645.923651,ALERT,0.2955634336183319,0
1777393645.973364,ALERT,0.13896365402624292,1
1777393646.0206518,ALERT,0.1078139035604344,2
1777393646.069136,ALERT,0.2808454306607767,0
1777393646.114507,ALERT,0.14429582993366347,1
1777393646.1635275,ALERT,0.19331379099467866,0
1777393646.205888,ALERT,0.15315380154990774,0
1777393646.2562816,ALERT,0.29128297262056796,0
1777393646.2987869,ALERT,0.23877274501912782,0
1777393646.347351,ALERT,0.291431559618025,0
1777393646.389146,ALERT,0.2579176645486373,0
1777393646.442242,ALERT,0.22143357032891348,0
1777393646.4849343,ALERT,0.29069393140255184,0
1777393646.5274856,ALERT,0.26822998587709956,0
1777393646.579396,ALERT,0.19331002906348038,0
1777393646.6283612,ALERT,0.2925344927252944,0
1777393646.675914,ALERT,0.13786010941637955,1
1777393646.7246354,ALERT,0.16404024555604363,0
1777393646.767966,ALERT,0.23675697714496308,0
1777393646.818941,ALERT,0.2995529435818176,0
1777393646.8694828,ALERT,0.25301446975926306,0
1777393646.9143636,ALERT,0.2605134424740595,0
1777393646.9561973,ALERT,0.2334167328160461,0
1777393647.001937,ALERT,0.19835187091917136,0
1777393647.0542922,ALERT,0.2142852672457085,0
1777393647.0956707,ALERT,0.12868505270234135,1
1777393647.1428566,ALERT,0.27560152789075076,0
1777393647.190016,ALERT,0.15549133806747098,0
1777393647.2377763,ALERT,0.16814058372083998,0
1777393647.2843661,ALERT,0.16466988272111396,0
1777393647.3341665,ALERT,0.1991077350101118,0
1777393647.3829138,ALERT,0.17894284153635723,0
1777393647.4291062,ALERT,0.28603482457398344,0
1777393647.47094,ALERT,0.10811613217975163,1
1777393647.5186696,ALERT,0.14513679405178292,2
1777393647.5700011,ALERT,0.1600960676692938,0
1777393647.6337075,ALERT,0.11373823186717034,1
1777393647.711021,ALERT,0.19463417351407208,0
1777393647.7849486,ALERT,0.12552665859081602,1
1777393647.8645833,ALERT,0.1462043041122785,2
1777393647.9432538,ALERT,0.15065360887754226,0
1777393648.0176458,ALERT,0.2780288657203953,0
1777393648.0980241,ALERT,0.2618136252336728,0
1777393648.18015,ALERT,0.2634188911639186,0
1777393648.2542322,ALERT,0.17145214743874376,0
1777393648.3218143,ALERT,0.2506801122948127,0
1777393648.3991506,ALERT,0.2020431238181558,0
1777393648.4725685,ALERT,0.23763255043886544,0
1777393648.5566454,ALERT,0.2902557567673264,0
1777393648.6413653,ALERT,0.27595800322869657,0
1777393648.7171123,ALERT,0.24330417495499596,0
1777393648.790966,ALERT,0.250389445752799,0
1777393648.872011,ALERT,0.21331549588057613,0
1777393648.9461663,ALERT,0.26825230335784084,0
1777393649.0289109,ALERT,0.17807889303464555,0
1777393649.1066804,ALERT,0.28590290266619167,0
1777393649.1853542,ALERT,0.20437237718158638,0
1777393649.2592187,ALERT,0.21859594984762873,0
1777393649.3382695,ALERT,0.18465885498672882,0
1777393649.3819492,ALERT,0.19095331013840566,0
1777393649.4227874,ALERT,0.2240392326620551,0
1777393649.4695728,ALERT,0.1249707539008783,1
1777393649.51914,ALERT,0.20741557265089033,0
1777393649.5802271,ALERT,0.1555576650749045,0
1777393649.6262078,ALERT,0.13553684551782227,1
1777393649.6858563,ALERT,0.1527460845312765,0
1777393649.7270722,ALERT,0.13909733283241146,1
1777393649.7802734,ALERT,0.1688197519598537,0
1777393649.8241122,ALERT,0.20043011522681276,0
1777393649.873598,ALERT,0.2191116335851637,0
1777393649.912587,ALERT,0.1472362001048027,1
1777393649.9595466,ALERT,0.18341028291204894,0
1777393650.0099447,ALERT,0.2912414677640015,0
1777393650.057567,ALERT,0.2969003710033016,0
1777393650.1041653,ALERT,0.21835487941711146,0
1777393650.1531255,ALERT,0.17385753350765726,0
1777393650.1980717,ALERT,0.26910525721996814,0
1777393650.2474391,ALERT,0.15167916028416562,0
1777393650.293922,ALERT,0.27958020815778417,0
1777393650.3397481,ALERT,0.17054678943138768,0
1777393650.3871567,ALERT,0.27654397833868527,0
1777393650.4350076,ALERT,0.24791492858978534,0
1777393650.4790838,ALERT,0.24524621112820957,0
1777393650.526938,ALERT,0.15784605494213017,0
1777393650.5768566,ALERT,0.15701361126237318,0
1777393650.6187267,ALERT,0.23937154089914883,0
1777393650.6657152,ALERT,0.2744645953418777,0
1777393650.7143717,ALERT,0.26039645132578115,0
1777393650.7584789,ALERT,0.24478549084091134,0
1777393650.8066955,ALERT,0.15266403182637905,0
1777393650.8568435,ALERT,0.19895353143073713,0
1777393650.8990843,ALERT,0.10224344879346435,1
1777393650.9480512,ALERT,0.14105388913119626,2
1777393650.993027,ALERT,0.201721584914347,0
1777393651.042652,ALERT,0.23882644537919814,0
1777393651.0827456,ALERT,0.12358277463962697,1
1777393651.1297538,ALERT,0.2719245884887861,0
1777393651.1787798,ALERT,0.2564218016502352,0
1777393651.2307186,ALERT,0.2427132746996488,0
1777393651.2751384,ALERT,0.2597201310130387,0
1777393651.32213,ALERT,0.275389904772429,0
1777393651.3720613,ALERT,0.2851960368413558,0
1777393651.4142015,ALERT,0.19931593536052183,0
1777393651.4620793,ALERT,0.19354739911216276,0
1777393651.5089674,ALERT,0.21613855784866973,0
1777393651.556066,ALERT,0.24101593182536146,0
1777393651.6032562,ALERT,0.1922833103072219,0
1777393651.6501663,ALERT,0.24670182551808348,0
1777393651.6971772,ALERT,0.29529912138540954,0
1777393651.7439957,ALERT,0.1619419713194148,0
1777393651.7894976,ALERT,0.14425505839646297,1
1777393651.8380105,ALERT,0.1422166245847672,2
1777393651.8804417,ALERT,0.2707149441205129,0
1777393651.9309545,ALERT,0.16539281051336396,0
1777393651.9789875,ALERT,0.10251121076329657,1
1777393652.0219514,ALERT,0.24757841271075456,0
1777393652.0720623,ALERT,0.2529525371245236,0
1777393652.1178803,ALERT,0.10664919050940723,1
1777393652.1664562,ALERT,0.11729948719208907,2
1777393652.2124352,ALERT,0.1182591417007256,3
1777393652.2575452,ALERT,0.12697661387342818,4
1777393652.3084257,ALERT,0.2880568368380569,0
1777393652.3558428,ALERT,0.2853486726568861,0
1777393652.4047415,ALERT,0.14301692754668735,1
1777393652.4415803,ALERT,0.12465985636283637,2
1777393652.525717,ALERT,0.11713354391713122,3
1777393652.576134,ALERT,0.2859745686905689,0
1777393652.6231158,ALERT,0.2915044513015197,0
1777393652.668395,ALERT,0.17690868199860987,0
1777393652.71904,ALERT,0.18634082647813716,0
1777393652.7619069,ALERT,0.2591870115083754,0
1777393652.8140776,ALERT,0.18197867462193093,0
1777393652.8574882,ALERT,0.150629321442263,0
1777393652.9089901,ALERT,0.17958265775014698,0
1777393652.9496145,ALERT,0.10378423989897319,1
1777393653.0004334,ALERT,0.23722289715500902,0
1777393653.0452106,ALERT,0.19477948752162572,0
1777393653.0925705,ALERT,0.183626906897436,0
1777393653.136956,ALERT,0.2955465361357025,0
1777393653.1912768,ALERT,0.18749668812645975,0
1777393653.235595,ALERT,0.17273039319972416,0
1777393653.2826054,ALERT,0.2611515087671593,0
1777393653.3260026,ALERT,0.14293847034782728,1
1777393653.3756037,ALERT,0.11488467136089249,2
1777393653.4170527,ALERT,0.12062665015478878,3
1777393653.4683163,ALERT,0.2795928892027369,0
1777393653.5129223,ALERT,0.10539078227897583,1
1777393653.5655017,ALERT,0.11792081740079628,2
1777393653.6106536,ALERT,0.1695357917788606,0
1777393653.6552892,ALERT,0.26795463567198285,0
1777393653.7052116,ALERT,0.24189592731110268,0
1777393653.742904,ALERT,0.1463339201310525,1
1777393653.798238,ALERT,0.14915670688563895,2
1777393653.8413217,ALERT,0.2014670942886025,0
1777393653.890433,ALERT,0.18462940698446256,0
1777393653.9343874,ALERT,0.1920501532133404,0
1777393653.98377,ALERT,0.24144189105722275,0
1777393654.0299923,ALERT,0.1694883284024526,0
1777393654.0758872,ALERT,0.16511594236113775,0
1777393654.1262133,ALERT,0.19052317505665867,0
1777393654.1717534,ALERT,0.15262985575753338,0
1777393654.219654,ALERT,0.1753509704001392,0
1777393654.268427,ALERT,0.25019659406671285,0
1777393654.3122075,ALERT,0.21000804507448867,0
1777393654.357737,ALERT,0.2108065628954,0
1777393654.4011004,ALERT,0.22177671792924747,0
1777393654.449617,ALERT,0.14898600085276226,1
1777393654.4979236,ALERT,0.2509147446307476,0
1777393654.5416582,ALERT,0.20526318434289348,0
1777393654.590857,ALERT,0.15103569484519502,0
1777393654.6393847,ALERT,0.16452930900289792,0
1777393654.6859443,ALERT,0.24022073834596094,0
1777393654.7288847,ALERT,0.2990039072631244,0
1777393654.77717,ALERT,0.24208929104913754,0
1777393654.8251343,ALERT,0.1864039632578348,0
1777393654.8686743,ALERT,0.18286435626370462,0
1777393654.926313,ALERT,0.10800520156626875,1
1777393654.9817023,ALERT,0.26314677928868613,0
1777393655.0277297,ALERT,0.23399784271201216,0
1777393655.0745134,ALERT,0.24772447272991066,0
1777393655.1179945,ALERT,0.22808965575908552,0
1777393655.165264,ALERT,0.2711204708288777,0
1777393655.2130985,ALERT,0.2707103963573974,0
1777393655.2601037,ALERT,0.29894277389587853,0
1777393655.302806,ALERT,0.26291266808307445,0
1777393655.3539827,ALERT,0.2496437988007762,0
1777393655.3977919,ALERT,0.22474958411017548,0
1777393655.439245,ALERT,0.14563518519646051,1
1777393655.4817536,ALERT,0.16896344799099622,0
1777393655.5356727,ALERT,0.1539085910588079,0
1777393655.587125,ALERT,0.1916748232989598,0
1777393655.6321745,ALERT,0.15606081745492922,0
1777393655.6814344,ALERT,0.22364286806781059,0
1777393655.7285488,ALERT,0.18244111471702656,0
1777393655.7792466,ALERT,0.1904071140314788,0
1777393655.8239353,ALERT,0.2731910242163856,0
1777393655.8705833,ALERT,0.13972540956932716,1
1777393655.9173806,ALERT,0.2523723450034272,0
1777393655.9619899,ALERT,0.2671600372670834,0
1777393656.0092068,ALERT,0.27446593014208887,0
1777393656.0529885,ALERT,0.2664968315269226,0
1777393656.1048002,ALERT,0.19955917324782266,0
1777393656.1530685,ALERT,0.23187319178275012,0
1777393656.199594,ALERT,0.12606629936247443,1
1777393656.2426286,ALERT,0.1414503310832589,2
1777393656.290526,ALERT,0.10593859991547781,3
1777393656.3351233,ALERT,0.16420452777089486,0
1777393656.382859,ALERT,0.1848263532740559,0
1777393656.4299479,ALERT,0.25190337915787864,0
1777393656.4770002,ALERT,0.15935651755210165,0
1777393656.5193682,ALERT,0.14264645101935106,1
1777393656.5727162,ALERT,0.11344314208421856,2
1777393656.6114721,ALERT,0.14043422581806703,3
1777393656.6629436,ALERT,0.14743363977709753,4
1777393656.709926,ALERT,0.18730488552480073,0
1777393656.7534683,ALERT,0.2298274804174826,0
1777393656.8005745,ALERT,0.2731368653008389,0
1777393656.8542168,ALERT,0.20349251693820675,0
1777393656.8923683,ALERT,0.23852758924979525,0
1777393656.9408267,ALERT,0.1799143707035758,0
1777393656.9866781,ALERT,0.16986688821868928,0
1777393657.0377555,ALERT,0.20625752077614462,0
1777393657.0810812,ALERT,0.1335916361892346,1
1777393657.1282604,ALERT,0.1369148684000512,2
1777393657.1724532,ALERT,0.137783372833579,3
1777393657.2237465,ALERT,0.1477573861084274,4
1777393657.2697735,ALERT,0.1110748098599621,5
1777393657.3235807,ALERT,0.15698433519812421,0
1777393657.378799,ALERT,0.24044540729100938,0
1777393657.4235525,ALERT,0.19668787855975928,0
1777393657.477378,ALERT,0.17866919627621622,0
1777393657.5141196,ALERT,0.2137402617260567,0
1777393657.5656736,ALERT,0.14936806223067128,1
1777393657.612289,ALERT,0.14699010195091028,2
1777393657.6581306,ALERT,0.1940057003224383,0
1777393657.7068546,ALERT,0.24830168220626087,0
1777393657.7532878,ALERT,0.1303805507107736,1
1777393657.8019307,ALERT,0.2533035743335643,0
1777393657.8505967,ALERT,0.12418051661611258,1
1777393657.8927035,ALERT,0.1932875714387412,0
1777393657.9401972,ALERT,0.11855749545131039,1
1777393657.9854884,ALERT,0.25931346974464276,0
1777393658.034316,ALERT,0.17651286767802793,0
1777393658.0819626,ALERT,0.22439230363465085,0
1777393658.129447,ALERT,0.2463005942540926,0
1777393658.1769607,ALERT,0.21066006107688848,0
1777393658.22013,ALERT,0.14661797920084202,1
1777393658.26695,ALERT,0.13789051173397524,2
1777393658.313468,ALERT,0.29617210255009474,0
1777393658.362628,ALERT,0.22696409639491186,0
1777393658.407707,ALERT,0.1644855644525414,0
1777393658.4549336,ALERT,0.25298259943755125,0
1777393658.5044363,ALERT,0.17494772088799987,0
1777393658.548875,ALERT,0.20489530039740197,0
1777393658.599099,ALERT,0.1266796285650248,1
1777393658.6448781,ALERT,0.1531806157635654,0
1777393658.6865664,ALERT,0.287818149446896,0
1777393658.7406418,ALERT,0.2304398392962837,0
1777393658.7819648,ALERT,0.17459845856993206,0
1777393658.8305757,ALERT,0.1917929616167585,0
1777393658.8696861,ALERT,0.11514233322548634,1
1777393658.9257612,ALERT,0.27181397324046264,0
1777393658.9677348,ALERT,0.20757214432076343,0
1777393659.0143235,ALERT,0.16318566967044973,0
1777393659.059394,ALERT,0.28871901836271274,0
1777393659.1086771,ALERT,0.16319522265977157,0
1777393659.1583753,ALERT,0.13014948409191968,1
1777393659.206147,ALERT,0.17768451255685064,0
1777393659.2507355,ALERT,0.24325446140414328,0
1777393659.2943947,ALERT,0.12007651166567186,1
1777393659.344835,ALERT,0.1755381274755024,0
1777393659.392359,ALERT,0.2805973261001746,0
1777393659.4437878,ALERT,0.17772643627062976,0
1777393659.5046115,ALERT,0.282830210200413,0
1777393659.5462337,ALERT,0.26894793530106054,0
1777393659.5945573,ALERT,0.2601921360435997,0
1777393659.6408236,ALERT,0.14384007710086028,1
1777393659.6891792,ALERT,0.2579699857595663,0
1777393659.7347155,ALERT,0.226002588070471,0
1777393659.7820418,ALERT,0.19479650395733172,0
1777393659.8250535,ALERT,0.25753113267636796,0
1777393659.8768985,ALERT,0.26213379740400433,0
1777393659.9211195,ALERT,0.19417267879624367,0
1777393659.9670644,ALERT,0.25709664061652215,0
1777393660.019204,ALERT,0.19511136970720205,0
1777393660.0604558,ALERT,0.23149554507820105,0
1777393660.1080034,ALERT,0.19609193579929063,0
1777393660.1552377,ALERT,0.1509933057087659,0
1777393660.2035675,ALERT,0.2388891341292621,0
1777393660.2505603,ALERT,0.20783624831428027,0
1777393660.2953243,ALERT,0.12024615672096949,1
1777393660.345334,ALERT,0.12401193988129705,2
1777393660.3835492,ALERT,0.11443664226187389,3
1777393660.4361725,ALERT,0.28493394231963176,0
1777393660.4819574,ALERT,0.251864680659095,0
1777393660.5289598,ALERT,0.23770606900741803,0
1777393660.5775054,ALERT,0.19620425089693794,0
1777393660.6206272,ALERT,0.2682279691880297,0
1777393660.6742098,ALERT,0.134048245539188,1
1777393660.7181838,ALERT,0.27775495088532787,0
1777393660.7689254,ALERT,0.12345330918099635,1
1777393660.8142812,ALERT,0.13054122187358752,2
1777393660.8675482,ALERT,0.1481300060788048,3
1777393660.907024,ALERT,0.25558144306278685,0
1777393660.9587295,ALERT,0.2841854713495049,0
1777393661.0076938,ALERT,0.1636492484103827,0
1777393661.0523126,ALERT,0.24189947186281133,0
1777393661.0940096,ALERT,0.23210705252600689,0
1777393661.1463816,ALERT,0.1778651483557639,0
1777393661.192641,ALERT,0.2441507371049089,0
1777393661.2381544,ALERT,0.24179320463936022,0
1777393661.2879515,ALERT,0.21401615789514702,0
1777393661.3334577,ALERT,0.24058196897565606,0
1777393661.3794012,ALERT,0.24280546443364578,0
1777393661.427819,ALERT,0.20203965079416014,0
1777393661.4743192,ALERT,0.17897461641568863,0
1777393661.5156157,ALERT,0.11747474342147263,1
1777393661.5637271,ALERT,0.19534332505346416,0
1777393661.6120412,ALERT,0.15323932160321313,0
1777393661.659795,ALERT,0.15666027143348177,0
1777393661.7051556,ALERT,0.14599373710689684,1
1777393661.7527068,ALERT,0.18500707946884365,0
1777393661.797632,ALERT,0.24424904572794146,0
1777393661.8471673,ALERT,0.15492611181351598,0
1777393661.8934622,ALERT,0.25577058362454286,0
1777393661.9431837,ALERT,0.2605069598446982,0
1777393661.9872093,ALERT,0.2075577722930385,0
1777393662.0338542,ALERT,0.2998966599244377,0
1777393662.077521,ALERT,0.13643203081551597,1
1777393662.1333883,ALERT,0.2811763593442195,0
1777393662.180143,ALERT,0.20633943506129454,0
1777393662.2267294,ALERT,0.1769444313273028,0
1777393662.279027,ALERT,0.20361934991515193,0
1777393662.3194337,ALERT,0.13071275063073529,1
1777393662.367206,ALERT,0.10395301886266894,2
1777393662.415434,ALERT,0.19046623063067492,0
1777393662.4615834,ALERT,0.1928153529182543,0
1777393662.5091467,ALERT,0.10840715185488044,1
1777393662.5558252,ALERT,0.18449991621737544,0
1777393662.5990639,ALERT,0.18053262869260972,0
1777393662.6466157,ALERT,0.20372910948231,0
1777393662.6956778,ALERT,0.17544002870240363,0
1777393662.7423186,ALERT,0.13478208043869275,1
1777393662.785462,ALERT,0.22675764590500808,0
1777393662.828962,ALERT,0.17279199189762845,0
1777393662.8817499,ALERT,0.19428453662819684,0
1777393662.9260745,ALERT,0.20925806022420923,0
1777393662.9764712,ALERT,0.266016495996996,0
1777393663.019944,ALERT,0.28622698409171476,0
1777393663.0680003,ALERT,0.24346124995676893,0
1777393663.1173394,ALERT,0.2966223455087399,0
1777393663.1624162,ALERT,0.26371463904048303,0
1777393663.2079017,ALERT,0.2275460540134425,0
1777393663.258955,ALERT,0.15676995790279497,0
1777393663.3017097,ALERT,0.15848358996373765,0
1777393663.3489163,ALERT,0.2616551458301486,0
1777393663.3957605,ALERT,0.12925543830956016,1
1777393663.4448159,ALERT,0.21240488409128105,0
1777393663.4897702,ALERT,0.17823378726857017,0
1777393663.536754,ALERT,0.11835496259123202,1
1777393663.587676,ALERT,0.11070581522568441,2
1777393663.6316793,ALERT,0.25426339610074716,0
1777393663.6812325,ALERT,0.2013164710462862,0
1777393663.7263603,ALERT,0.15724309189506036,0
1777393663.7728634,ALERT,0.22663819106480204,0
1777393663.8224561,ALERT,0.22602750616073478,0
1777393663.8690941,ALERT,0.2023159187951152,0
1777393663.9155624,ALERT,0.17011690322372214,0
1777393663.963859,ALERT,0.18681869245590815,0
1777393664.006355,ALERT,0.22368024758632288,0
1777393664.0559132,ALERT,0.11016964765621742,1
1777393664.0974228,ALERT,0.18853906071077364,0
1777393664.150409,ALERT,0.2529199885603749,0
1777393664.1968524,ALERT,0.1286684650207574,1
1777393664.2421062,ALERT,0.18540055886772383,0
1777393664.2910073,ALERT,0.1778785712552469,0
1777393664.3336937,ALERT,0.2902314197999564,0
1777393664.380157,ALERT,0.10769791881956708,1
1777393664.4212956,ALERT,0.13368268415654333,2
1777393664.4739063,ALERT,0.2708745462981875,0
1777393664.5212014,ALERT,0.10394021986392105,1
1777393664.570246,ALERT,0.25518885253419643,0
1777393664.6140852,ALERT,0.26857278683530694,0
1777393664.660362,ALERT,0.1695340510157735,0
1777393664.707273,ALERT,0.23451463939937342,0
1777393664.7534144,ALERT,0.17480427893723222,0
1777393664.7997212,ALERT,0.1298210134606645,1
1777393664.8515668,ALERT,0.10639248364974413,2
1777393664.8933961,ALERT,0.1436801339786802,3
1777393664.9435084,ALERT,0.25564404075355907,0
1777393664.9930694,ALERT,0.2719822123236193,0
1777393665.040018,ALERT,0.24122720386427712,0
1777393665.0846825,ALERT,0.16423308596962316,0
1777393665.129713,ALERT,0.12675841523315767,1
1777393665.1763778,ALERT,0.2853418618899355,0
1777393665.2247255,ALERT,0.2702319119908795,0
1777393665.2691078,ALERT,0.12714910885744643,1
1777393665.3217425,ALERT,0.2255177752412523,0
1777393665.3647366,ALERT,0.29698117114405337,0
1777393665.4094803,ALERT,0.21767697923388313,0
1777393665.4600203,ALERT,0.2050024927883073,0
1777393665.5040855,ALERT,0.12913952321700084,1
1777393665.5453045,ALERT,0.27349212425812164,0
1777393665.5994315,ALERT,0.2338134197264516,0
1777393665.6459143,ALERT,0.27953584464414083,0
1777393665.6932998,ALERT,0.14908651455809568,1
1777393665.7416003,ALERT,0.2157758824155359,0
1777393665.7828639,ALERT,0.1467851317857843,1
1777393665.8320417,ALERT,0.17008365871845246,0
1777393665.881835,ALERT,0.22462818349618094,0
1777393665.9252236,ALERT,0.25802369822698235,0
1777393665.973459,ALERT,0.2622839888934382,0
1777393666.0202343,ALERT,0.25576476384549474,0
1777393666.0689702,ALERT,0.2473013445974063,0
1777393666.1146762,ALERT,0.2703572672759017,0
1777393666.1593306,ALERT,0.22584057452341968,0
1777393666.208896,ALERT,0.13570500090868082,1
1777393666.256188,ALERT,0.183259899004216,0
1777393666.3008397,ALERT,0.20713106100235154,0
1777393666.3501322,ALERT,0.11971778557929558,1
1777393666.3933868,ALERT,0.22738994031998175,0
1777393666.4383214,ALERT,0.14501303256067968,1
1777393666.4905343,ALERT,0.2987715080860712,0
1777393666.5298889,ALERT,0.16730823439394257,0
1777393666.5837135,ALERT,0.2566431434143345,0
1777393666.6276863,ALERT,0.2413242678234159,0
1777393666.674438,ALERT,0.10832927726635277,1
1777393666.7192526,ALERT,0.1321625077815504,2
1777393666.7666612,ALERT,0.21781830474246933,0
1777393666.8047678,ALERT,0.20059330031397166,0
1777393666.8494742,ALERT,0.2729196538448223,0
1777393666.8903754,ALERT,0.11194257061129945,1
1777393666.9407094,ALERT,0.13549811801929798,2
1777393666.984881,ALERT,0.22098458648919428,0
1777393667.0348384,ALERT,0.13228427687185934,1
1777393667.0786173,ALERT,0.11087979842337492,2
1777393667.1250997,ALERT,0.15227174103547478,0
1777393667.1728847,ALERT,0.109640209674852,1
1777393667.219579,ALERT,0.2637509892508866,0
1777393667.2640278,ALERT,0.24129066631343057,0
1777393667.3267815,ALERT,0.2262899027843577,0
1777393667.3676288,ALERT,0.17885250542274617,0
1777393667.4185646,ALERT,0.10047273732086284,1
1777393667.4679554,ALERT,0.1093316072678334,2
1777393667.5151665,ALERT,0.13337058129657037,3
1777393667.5654142,ALERT,0.21586134742606067,0
1777393667.6213899,ALERT,0.16583350384924397,0
1777393667.6662478,ALERT,0.20697525292121954,0
1777393667.7159748,ALERT,0.11144918485558604,1
1777393667.7629828,ALERT,0.17674538007218318,0
1777393667.8121521,ALERT,0.2999515731584729,0
1777393667.8557494,ALERT,0.13131405333417723,1
1777393667.9047275,ALERT,0.21933113103622381,0
1777393667.9499507,ALERT,0.19047087803451468,0
1777393667.9961772,ALERT,0.18974169571055077,0
1777393668.041354,ALERT,0.14378458652704537,1
1777393668.0875702,ALERT,0.20993436526142117,0
1777393668.1397796,ALERT,0.2061344875684134,0
1777393668.1831555,ALERT,0.29143002613500646,0
1777393668.2303324,ALERT,0.11721937148080891,1
1777393668.4070413,ALERT,0.2855725883714164,0
1777393668.4499269,ALERT,0.13469597113469262,1
1777393668.4961064,ALERT,0.2430707934599034,0
1777393668.547404,ALERT,0.25237563345758113,0
1777393668.5827672,ALERT,0.21913318386924352,0
1777393668.6384366,ALERT,0.16411880278256125,0
1777393668.6863074,ALERT,0.29757897370007624,0
1777393668.7287114,ALERT,0.2603535685343966,0
1777393668.7754664,ALERT,0.28577554304441877,0
1777393668.8253937,ALERT,0.17155178217168443,0
1777393668.8700707,ALERT,0.16540420609827738,0
1777393668.9150848,ALERT,0.1513829125806239,0
1777393668.9634788,ALERT,0.1203520860807989,1
1777393669.0081713,ALERT,0.24706322532805905,0
1777393669.0550046,ALERT,0.10117399929251161,1
1777393669.1036196,ALERT,0.28447581710667047,0
1777393669.145172,ALERT,0.26492413304581197,0
1777393669.198521,ALERT,0.14810597403357184,1
1777393669.2436085,ALERT,0.21435169205186308,0
1777393669.2938752,ALERT,0.20011369651780275,0
1777393669.3360798,ALERT,0.11416249840459976,1
1777393669.3857272,ALERT,0.22897151309348018,0
1777393669.4299147,ALERT,0.11860483694275825,1
1777393669.4789662,ALERT,0.18989849504413234,0
1777393669.5276394,ALERT,0.21465162893538567,0
1777393669.5758913,ALERT,0.19789290364313478,0
1777393669.618757,ALERT,0.16800293191705365,0
1777393669.6674137,ALERT,0.20041913638014427,0
1777393669.7111382,ALERT,0.23056778976510808,0
1777393669.7589407,ALERT,0.2255447256286887,0
1777393669.8037043,ALERT,0.18522016476302083,0
1777393669.85818,ALERT,0.24180565884629815,0
1777393669.904618,ALERT,0.296901376899309,0
1777393669.9488022,ALERT,0.21633699486302488,0
1777393669.998886,ALERT,0.19579310144712433,0
1777393670.0428414,ALERT,0.15573397896714142,0
1777393670.0919156,ALERT,0.20287287545687582,0
1777393670.1361687,ALERT,0.22386669253924293,0
1777393670.1840587,ALERT,0.21649243470572016,0
1777393670.2287767,ALERT,0.1789647029182278,0
1777393670.2772717,ALERT,0.14405635466313044,1
1777393670.325507,ALERT,0.2741216499060317,0
1777393670.3717718,ALERT,0.21526859222285655,0
1777393670.4207695,ALERT,0.2836865795650185,0
1777393670.4647858,ALERT,0.15464201517011694,0
1777393670.5127134,ALERT,0.11839077693256649,1
1777393670.5605843,ALERT,0.2522017920506623,0
1777393670.6033523,ALERT,0.12119306601549673,1
1777393670.6463094,ALERT,0.26694725389047513,0
1777393670.6946328,ALERT,0.15889018783012052,0
1777393670.7422564,ALERT,0.16859690869731883,0
1777393670.7934465,ALERT,0.2900176652910116,0
1777393670.8353727,ALERT,0.2969748800630442,0
1777393670.8896832,ALERT,0.1849520100528573,0
1777393670.9353774,ALERT,0.12694860772964364,1
1777393670.9827304,ALERT,0.2942799809446841,0
1777393671.0284836,ALERT,0.24720409060653575,0
1777393671.07808,ALERT,0.22674437296675168,0
1777393671.125149,ALERT,0.14191618786401142,1
1777393671.1679795,ALERT,0.20415471243240735,0
1777393671.2128408,ALERT,0.2509694062578286,0
1777393671.2662656,ALERT,0.2524729846275199,0
1777393671.3080554,ALERT,0.15064934966379406,0
1777393671.3605154,ALERT,0.156542894360099,0
1777393671.4063637,ALERT,0.23258179841589124,0
1777393671.4526603,ALERT,0.2284533142536332,0
1777393671.4972484,ALERT,0.15346255679917487,0
1777393671.545568,ALERT,0.1893603694679406,0
1777393671.5959682,ALERT,0.23480652077333444,0
1777393671.6423364,ALERT,0.23734496407211528,0
1777393671.6878986,ALERT,0.17802057338154434,0
1777393671.731929,ALERT,0.23542925520550792,0
1777393671.7807283,ALERT,0.16552505072356358,0
1777393671.8275263,ALERT,0.13677182304649313,1
1777393671.8703113,ALERT,0.25004472790403703,0
1777393671.9228852,ALERT,0.15980925969144197,0
1777393671.9678302,ALERT,0.2742628945751657,0
1777393672.0181801,ALERT,0.10087681686914379,1
1777393672.0600798,ALERT,0.10570181109532405,2
1777393672.1109066,ALERT,0.20559135370747372,0
1777393672.1559615,ALERT,0.21917208030128688,0
1777393672.2009149,ALERT,0.23748132007362455,0
1777393672.2464118,ALERT,0.25072741587008474,0
1777393672.2979243,ALERT,0.21268131769086074,0
1777393672.3366404,ALERT,0.18399314868526057,0
1777393672.3871017,ALERT,0.2111577676339834,0
1777393672.424541,ALERT,0.20521990722531314,0
1777393672.4650345,ALERT,0.26809467715988167,0
1777393672.6505127,ALERT,0.11946349517644471,1
1777393672.6930916,ALERT,0.2247650227409066,0
1777393672.7333653,ALERT,0.24993938717771597,0
1777393672.7809587,ALERT,0.28039918376319933,0
1777393672.8321006,ALERT,0.2863401803255591,0
1777393672.8753994,ALERT,0.23947085727867556,0
1777393672.9238064,ALERT,0.12310605882704173,1
1777393672.965569,ALERT,0.22955712546630208,0
1777393673.0173125,ALERT,0.24085679016596095,0
1777393673.0642765,ALERT,0.11864987318852648,1
1777393673.1136105,ALERT,0.24905400095625554,0
1777393673.160867,ALERT,0.1652876200192078,0
1777393673.1988409,ALERT,0.24023651810093086,0
1777393673.2502131,ALERT,0.21153702122202264,0
1777393673.299798,ALERT,0.19521705660653194,0
1777393673.3480973,ALERT,0.21952009718943918,0
1777393673.396913,ALERT,0.15761444875334363,0
1777393673.4383383,ALERT,0.26618342074511414,0
1777393673.483163,ALERT,0.2910549330339949,0
1777393673.534122,ALERT,0.283613891820879,0
1777393673.5826075,ALERT,0.19921804570383933,0
1777393673.6330576,ALERT,0.2520321870119505,0
1777393673.6770108,ALERT,0.10349023861297867,1
1777393673.7253346,ALERT,0.21533505134495878,0
1777393673.7670412,ALERT,0.10942704389550922,1
1777393673.8192563,ALERT,0.21012267593840944,0
1777393673.8668194,ALERT,0.285512594727259,0
1777393673.9142013,ALERT,0.29586838702978513,0
1777393673.9595132,ALERT,0.1363247981289973,1
1777393674.0063965,ALERT,0.1910304410475032,0
1777393674.0516057,ALERT,0.23156434965629108,0
1777393674.099939,ALERT,0.20088887602240998,0
1777393674.1465337,ALERT,0.15918646673850942,0
1777393674.2099128,ALERT,0.19175311534674166,0
1777393674.2824845,ALERT,0.17939817325140578,0
1777393674.3671408,ALERT,0.2802985846500208,0
1777393674.4437196,ALERT,0.267719755976311,0
1777393674.5202975,ALERT,0.25031280029424186,0
1777393674.5997553,ALERT,0.14675438496496837,1
1777393674.6748016,ALERT,0.1616411534892316,0
1777393674.7542217,ALERT,0.19989793086312924,0
1777393674.829543,ALERT,0.23279819591901443,0
1777393674.9119303,ALERT,0.1381458369787561,1
1777393674.9882493,ALERT,0.17425536286115237,0
1777393675.0634267,ALERT,0.12362882863635057,1
1777393675.1443508,ALERT,0.29820969523390073,0
1777393675.2228792,ALERT,0.2769243105653172,0
1777393675.3025472,ALERT,0.1229400115273835,1
1777393675.3803413,ALERT,0.233001450596287,0
1777393675.461828,ALERT,0.17698125324779784,0
1777393675.5399392,ALERT,0.189713855757574,0
1777393675.617454,ALERT,0.11943417497486804,1
1777393675.695644,ALERT,0.18841946875340176,0
1777393675.7696712,ALERT,0.16719564692290673,0
1777393675.8515456,ALERT,0.17637212410187086,0
1777393675.9351435,ALERT,0.2310875963995335,0
1777393676.007062,ALERT,0.24605857240125412,0
1777393676.0832052,ALERT,0.29626470609880295,0
1777393676.1608522,ALERT,0.26003416125098433,0
1777393676.2447827,ALERT,0.26579125817782256,0
1777393676.3254306,ALERT,0.12812086483507373,1
1777393676.397474,ALERT,0.13360579487676807,2
1777393676.4866307,ALERT,0.2494987796497973,0
1777393676.5599194,ALERT,0.2580356216053139,0
1777393676.631787,ALERT,0.152938199554479,0
1777393676.717726,ALERT,0.15742190524210944,0
1777393676.7907572,ALERT,0.23932262058479822,0
1777393676.874371,ALERT,0.1979291195455389,0
1777393676.956116,ALERT,0.29844541123446655,0
1777393677.0314844,ALERT,0.13956977730148043,1
1777393677.113191,ALERT,0.11402523189317777,2
1777393677.1708798,ALERT,0.17360794916937494,0
1777393677.2528746,ALERT,0.1506083278633186,0
1777393677.329233,ALERT,0.11757840076544489,1
1777393677.408267,ALERT,0.17278827740120656,0
1777393677.4849238,ALERT,0.20291694306729924,0
1777393677.562216,ALERT,0.2719833905990381,0
1777393677.6389797,ALERT,0.11098530404731884,1
1777393677.7210288,ALERT,0.23043797978789993,0
1777393677.7951112,ALERT,0.18954743409013383,0
1777393677.8752794,ALERT,0.1366566666499941,1
1777393677.9558349,ALERT,0.20324448886850505,0
1777393678.0371294,ALERT,0.19908803872618713,0
1777393678.1152668,ALERT,0.2782929063830869,0
1777393678.1931424,ALERT,0.11984772296876317,1
1777393678.2640185,ALERT,0.10725194468508713,2
1777393678.3468018,ALERT,0.1471863805693795,3
1777393678.4238415,ALERT,0.22015094486133774,0
1777393678.504542,ALERT,0.1826453753554752,0
1777393678.5809522,ALERT,0.14910271103379943,1
1777393678.6565208,ALERT,0.2654102046996445,0
1777393678.738659,ALERT,0.1507739848098663,0
1777393678.815952,ALERT,0.16851574204335978,0
1777393678.8879068,ALERT,0.16197864968446254,0
1777393678.9722843,ALERT,0.27448124027274473,0
1777393679.0509934,ALERT,0.17164671500317508,0
1777393679.1234486,ALERT,0.2572079804049697,0
1777393679.1898143,ALERT,0.2333550811251717,0
1777393679.2613478,ALERT,0.21509481567043387,0
1777393679.3449478,ALERT,0.10551497499391478,1
1777393679.4201748,ALERT,0.2664559368434225,0
1777393679.5049,ALERT,0.14763725359666016,1
1777393679.580415,ALERT,0.18444082965071107,0
1777393679.6536443,ALERT,0.13103789636668167,1
1777393679.7347693,ALERT,0.14735065317643684,2
1777393679.8100839,ALERT,0.21848850365089262,0
1777393679.8908358,ALERT,0.2598412011090633,0
1777393679.970479,ALERT,0.26937561741710603,0
1777393680.0509958,ALERT,0.2593335090040926,0
1777393680.12055,ALERT,0.11885891342935424,1
1777393680.2059782,ALERT,0.11540320068909088,2
1777393680.2828333,ALERT,0.13771480992827173,3
1777393680.3576856,ALERT,0.23953491658440065,0
1777393680.4387314,ALERT,0.2140441115576317,0
1777393680.5141544,ALERT,0.26816612242982063,0
1777393680.5947728,ALERT,0.17617457703106462,0
1777393680.6744862,ALERT,0.2276231058284708,0
1777393680.752079,ALERT,0.11211477583524979,1
1777393680.8275476,ALERT,0.27915541161121205,0
1777393680.9087708,ALERT,0.20522139210313806,0
1777393680.9820085,ALERT,0.2274892288560328,0
1777393681.06362,ALERT,0.1802479741673802,0
1777393681.139336,ALERT,0.1100746239785999,1
1777393681.2160869,ALERT,0.18129526184483669,0
1777393681.2979224,ALERT,0.21314796162969052,0
1777393681.3777084,ALERT,0.28216569367010047,0
1777393681.4391847,ALERT,0.2403109647105767,0
1777393681.5113542,ALERT,0.24487017979971035,0
1777393681.5924835,ALERT,0.2880467146357262,0
1777393681.6648822,ALERT,0.1264431972727595,1
1777393681.749885,ALERT,0.16116046432466086,0
1777393681.8244445,ALERT,0.2425888356650089,0
1777393681.9088633,ALERT,0.192494390396549,0
1777393681.9655747,ALERT,0.11959113448115488,1
1777393682.0118058,ALERT,0.22067279839729614,0
1777393682.0646236,ALERT,0.12706367324412793,1
1777393682.1100147,ALERT,0.11143502893053121,2
1777393682.1522112,ALERT,0.22197076643163322,0
1777393682.1968973,ALERT,0.16340623231254198,0
1777393682.2473085,ALERT,0.19607146059393882,0
1777393682.2938154,ALERT,0.21392183456975739,0
1777393682.3400395,ALERT,0.11104207166958013,1
1777393682.3847694,ALERT,0.1325064629900285,2
1777393682.431623,ALERT,0.26291934217900736,0
1777393682.4778435,ALERT,0.11143213919042326,1
1777393682.527461,ALERT,0.28728609371883673,0
1777393682.5680442,ALERT,0.26189602752249763,0
1777393682.6174946,ALERT,0.28582757418751326,0
1777393682.661741,ALERT,0.2110555327276017,0
1777393682.7103252,ALERT,0.12209049913862201,1
1777393682.754314,ALERT,0.18011736009693635,0
1777393682.8017342,ALERT,0.2344179085242292,0
1777393682.8643095,ALERT,0.22961849725287334,0
1777393682.9257164,ALERT,0.2514235280157201,0
1777393683.0029578,ALERT,0.293346808551899,0
1777393683.084831,ALERT,0.12846074899977977,1
1777393683.1643913,ALERT,0.2985598915672615,0
1777393683.2397754,ALERT,0.13658641675295916,1
1777393683.3116047,ALERT,0.28066932779817666,0
1777393683.3967721,ALERT,0.12351624957608852,1
1777393683.4726884,ALERT,0.23277582534020044,0
1777393683.5474133,ALERT,0.23184960282271228,0
1777393683.6144307,ALERT,0.14218018726627404,1
1777393683.6945636,ALERT,0.24834393874028063,0
1777393683.7730634,ALERT,0.10773065334864021,1
1777393683.8490176,ALERT,0.22308428139062958,0
1777393683.934877,ALERT,0.24055033963331449,0
1777393684.0050623,ALERT,0.15515265993983823,0
1777393684.0860078,ALERT,0.12593938486084783,1
1777393684.1650386,ALERT,0.10622187271266369,2
1777393684.2457292,ALERT,0.21053016330597224,0
1777393684.3244445,ALERT,0.2537793595332908,0
1777393684.3997064,ALERT,0.15238478983745724,0
1777393684.4762058,ALERT,0.25869844829897437,0
1777393684.5552368,ALERT,0.16734738836292945,0
1777393684.6142447,ALERT,0.10605442256925196,1
1777393684.7013586,ALERT,0.15972471833219204,0
1777393684.7759461,ALERT,0.20062648083303708,0
1777393684.859878,ALERT,0.25886600511691116,0
1777393684.931822,ALERT,0.17005807055562797,0
1777393685.0109563,ALERT,0.11099191351086478,1
1777393685.0921628,ALERT,0.17818999723867462,0
1777393685.1708946,ALERT,0.20455458985561314,0
1777393685.2461517,ALERT,0.21450065454080974,0
1777393685.3280487,ALERT,0.1534311704288433,0
1777393685.4061859,ALERT,0.11533210144634001,1
1777393685.4798644,ALERT,0.1917297321393998,0
1777393685.5648563,ALERT,0.27820023178686604,0
1777393685.6369936,ALERT,0.20260965979200296,0
1777393685.7194567,ALERT,0.21254739848834922,0
1777393685.79449,ALERT,0.23080342073614687,0
1777393685.8728857,ALERT,0.11356744842281592,1
1777393685.956359,ALERT,0.2981157563380848,0
1777393686.0341725,ALERT,0.10928873367493659,1
1777393686.1071224,ALERT,0.11502153413687873,2
1777393686.1872988,ALERT,0.2700171718898464,0
1777393686.2653108,ALERT,0.22522366905955013,0
1777393686.3408537,ALERT,0.12644140965663847,1
1777393686.4200587,ALERT,0.13838946261539575,2
1777393686.4946508,ALERT,0.24148868423352268,0
1777393686.5723684,ALERT,0.1846555983809493,0
1777393686.651833,ALERT,0.24577480885084382,0
1777393686.712859,ALERT,0.1972807406022525,0
1777393686.7949007,ALERT,0.11287310783757237,1
1777393686.8743536,ALERT,0.1732733051015335,0
1777393686.9514637,ALERT,0.20608591505923896,0
1777393687.0286696,ALERT,0.29777618771364556,0
1777393687.109164,ALERT,0.21598503085158044,0
1777393687.1863844,ALERT,0.2475146468604138,0
1777393687.2489328,ALERT,0.1050598754487583,1
1777393687.302808,ALERT,0.22279940184855282,0
1777393687.3703823,ALERT,0.17612054169066263,0
1777393687.4320786,ALERT,0.11927368849868483,1
1777393687.5069234,ALERT,0.1362713903837535,2
1777393687.5939937,ALERT,0.225393011518551,0
1777393687.6646347,ALERT,0.28023365265340394,0
